List Food 1;List Food 2;List Food 3
Potatoes;Baking Powder;Veggies
Milk;Eggs;Boxed Macaroni & Cheese
Flour;Hamburger;Margarine
Rice;Dried Beans;Shortening
Macaroni;Hamburger;Margarine
Flour;Bacon Ends & Pieces;Canned Stewed Tomatoes
Sugar;Eggs;Onions
Yeast;Vegetables;Garlic
Baking Powder;Cheese;Veggies
Powdered Milk;Potatoes;Boxed Macaroni & Cheese
Potatoes;Baking Powder;Margarine
Milk;Eggs;Jellies & Jams
Flour;Hamburger;Barbecue Sauce
Staple Goods;Grits;Shortening or Oil
Dried Beans;Cornmeal;Eggs
Dried Peas;Powdered Milk;Cheese
Rice;Cocoa;Margarine
Flour;Crackers;Jalapenos (fresh or bottled)
Macaroni;Rolled Oats/Oatmeal;Vinegar
Noodles;Corn & Flour Tortillas;Mayonnaise
Brown Sugar;Boxed Macaroni & Cheese;Mustard
White Sugar;Bouillon;Ketchup
Powdered Sugar;Popcorn;Cream of Tartar
Corn Syrup;Peanuts;Creamed Corn
Maple Syrup;Coconut;Chilies and Tomatoes
Baking Powder;Raisins;Canned Beans (various)
Yeast;Peanut Butter;Canned Peas/Green Beans
Hot Dog Chili Sauce;Stewed Tomatoes;Pot Roast
Cream of Mushroom Soup;Peaches;Turkey
Cream of Chicken Soup;Cherry Pie Filling;Sandwich meats
Cream of Tomato Soup;Apple Pie Filling;Oranges
Meats;Bacon Ends & Pieces;Sweet Potatoes
Hamburger;Chicken;Bananas
Sausage;Pork Steaks;Fruit Juices
Smoked/polish Sausage;Wieners;Hot Sauce
Produce;Yellow Squash;Onion Powder
Cabbage;Potatoes;Garlic Powder
Carrots;Onions;Black Pepper
Celery;Garlic;Salt
Zucchini;Peppers (various);Salsa
Mushrooms;Apples;
Frozen Foods;Broccoli;
Corn;Mixed Vegetables;
Basic Spice List;Ginger;
Sage;Cayenne;
Thyme;Cumin;
Nutmeg;Chili Powder;
Allspice;Vanilla;
Cinnamon;Lemon Juice;
